PEDAG - ფეხსაცმლის ქუსლის ბალიში,ფეხსაცმლის აქსესუარები,"29,00 ₾"
Lacoste,სპორტული / კედი,"679,00 ₾"
Lacoste,სპორტული / კედი,"599,00 ₾"
Lacoste,სპორტული / კედი,"599,00 ₾"
Lacoste,სპორტული / კედი,"599,00 ₾"
Lacoste,სპორტული / კედი,"599,00 ₾"
Lacoste,სპორტული / კედი,"599,00 ₾"
Lacoste,სპორტული / კედი,"599,00 ₾"
Lacoste,სპორტული / კედი,"599,00 ₾"
Lacoste,სპორტული / კედი,"459,00 ₾"
Lacoste,ესპადრილი,"299,00 ₾"
Lacoste,სანდალი / ჩუსტი,"229,00 ₾"
Lacoste,სანდალი / ჩუსტი,"229,00 ₾"
Lacoste,სანდალი / ჩუსტი,"229,00 ₾"
Lacoste,სპორტული / კედი,"399,00 ₾"
Lacoste,სპორტული / კედი,"399,00 ₾"
Lacoste,სპორტული / კედი,"399,00 ₾"
Lacoste,სანდალი / ჩუსტი,"229,00 ₾"
Lacoste,სანდალი / ჩუსტი,"229,00 ₾"
Lacoste,სანდალი / ჩუსტი,"199,00 ₾"
CALVIN KLEIN - MONOGRAM SOFT CAMPUS BP40 AOP,ჩანთა,"449,00 ₾"
CALVIN KLEIN - MONOGRAM SOFT REPORTER18 AOP,ჩანთა,"259,00 ₾"
CALVIN KLEIN - CK ORIGAMI PU SLING BAG,ჩანთა,"349,00 ₾"
CALVIN KLEIN - MONOGRAM SOFT WAISTBAG38 AOP,ჩანთა,"259,00 ₾"
CALVIN KLEIN - MONOGRAM SOFT FLIGHT DUFFLE43,ჩანთა,"449,00 ₾"
CALVIN KLEIN - DAD JEAN,ჯინსი,"379,00 ₾"
CALVIN KLEIN - AUTHENTIC STRAIGHT,ჯინსი,"379,00 ₾"
CALVIN KLEIN - MODERN TWILL SLIM CHINO,შარვალი,"339,00 ₾"
CALVIN KLEIN - MODERN TWILL SLIM CHINO,შარვალი,"339,00 ₾"
CALVIN KLEIN - PIECE DYED TENCEL TAPERED PANT,შარვალი,"399,00 ₾"
CALVIN KLEIN - MODERN WOOL BLEND REGULAR PANTS,შარვალი,"379,00 ₾"
CALVIN KLEIN - TRAVEL GABARDINE SLIM PANTS,შარვალი,"549,00 ₾"
CALVIN KLEIN - SOFT TECH 4 POCKET JACKET,ქურთუკი,"699,00 ₾"
CALVIN KLEIN - GRID QUILT BIKER SLW,ქურთუკი,"779,00 ₾"
CALVIN KLEIN - BOMBER JACKET,ქურთუკი,"559,00 ₾"
CALVIN KLEIN - LINEAR TEXTURE HARRINGTON,ქურთუკი,"469,00 ₾"
CALVIN KLEIN - REGULAR  90's DENIM JACKET,ქურთუკი,"379,00 ₾"
CALVIN KLEIN - ESSENTIAL PATCH BB CAP,ქუდი,"129,00 ₾"
CALVIN KLEIN - ESSENTIAL PATCH BB CAP,ქუდი,"129,00 ₾"
CALVIN KLEIN - ESSENTIAL PATCH BB CAP,ქუდი,"129,00 ₾"
CALVIN KLEIN - CK MUST BB CAP,ქუდი,"129,00 ₾"
CALVIN KLEIN - CK MUST BB CAP,ქუდი,"129,00 ₾"
CALVIN KLEIN - CK MUST BB CAP,ქუდი,"129,00 ₾"
CALVIN KLEIN - CK MUST BB CAP,ქუდი,"129,00 ₾"
CALVIN KLEIN - MONO LOGO EMBRO TRUCKER CAP,ქუდი,"129,00 ₾"
CALVIN KLEIN - INST EMBRO CAP,ქუდი,"119,00 ₾"
CALVIN KLEIN - MONO LOGO EMBRO CAP,ქუდი,"129,00 ₾"
CALVIN KLEIN - MONO LOGO EMBRO CAP,ქუდი,"129,00 ₾"
CALVIN KLEIN - MONO LOGO EMBRO CAP,ქუდი,"129,00 ₾"
CALVIN KLEIN - MONOGRAM EMBRO CAP,ქუდი,"119,00 ₾"
CALVIN KLEIN - MONOGRAM EMBRO CAP,ქუდი,"119,00 ₾"
CALVIN KLEIN - CLASSIC LTHR BELT 40MM,ქამარი,"159,00 ₾"
CALVIN KLEIN - LEATHER INLAY PLAQUE 35MM,ქამარი,"219,00 ₾"
CALVIN KLEIN - WARMTH 35MM,ქამარი,"159,00 ₾"
CALVIN KLEIN - WARMTH 40MM,ქამარი,"159,00 ₾"
CALVIN KLEIN - COTTON COMFORT HOODIE,ჯემპრი / ჟაკეტი,"349,00 ₾"
CALVIN KLEIN - MICRO LOGO REPREVE HOODIE JACKET,ჯემპრი / ჟაკეტი,"399,00 ₾"
CALVIN KLEIN - BADGE ZIP THROUGH HOODIE,ჯემპრი / ჟაკეტი,"349,00 ₾"
CALVIN KLEIN - STACKED EUPHORIC LOGO HOODIE,ჯემპრი / ჟაკეტი,"299,00 ₾"
CALVIN KLEIN - MINIMAL FOCUS ID CARDHOLDER,საფულე,"189,00 ₾"
CALVIN KLEIN - ADJ/REV SLIM FRAME LUX TEX 35MM,საფულე,"239,00 ₾"
CALVIN KLEIN - MONOGRAM SOFT BIFOLD,საფულე,"219,00 ₾"
CALVIN KLEIN - MONOGRAM SOFT CARDCASE 6CC,საფულე,"149,00 ₾"
CALVIN KLEIN - MONOGRAM SOFT BIFOLD W/COIN,საფულე,"219,00 ₾"
CALVIN KLEIN - AOP EMBOSS BIFOLD W/COIN,საფულე,"219,00 ₾"
CALVIN KLEIN - AOP EMBOSS BIFOLD,საფულე,"219,00 ₾"
CALVIN KLEIN - STRETCH PIQUE TIPPING POLO,პოლო მაისური,"229,00 ₾"
CALVIN KLEIN - SMOOTH COTTON  SLIM POLO,პოლო მაისური,"249,00 ₾"
CALVIN KLEIN - MODERN WOOL BLEND REGULAR BLAZER,პიჯაკი,"869,00 ₾"
CALVIN KLEIN - TRAVEL GABARDINE SLIM BLAZER,პიჯაკი,"1 299,00 ₾"
CALVIN KLEIN - POPLIN STRETCH REGULAR SHIRT,პერანგი,"249,00 ₾"
CALVIN KLEIN - POPLIN STRETCH REGULAR SHIRT,პერანგი,"249,00 ₾"
CALVIN KLEIN - POPLIN STRETCH REGULAR SHIRT,პერანგი,"249,00 ₾"
CALVIN KLEIN - KNITTED CARDIGAN,ჯემპრი / ჟაკეტი,"499,00 ₾"
CALVIN KLEIN - NANO LOGO INTERLOCK T-SHIRT,მაისური,"159,00 ₾"
CALVIN KLEIN - NANO LOGO INTERLOCK T-SHIRT,მაისური,"159,00 ₾"
CALVIN KLEIN - CK EMBRO BADGE TEE,მაისური,"129,00 ₾"
CALVIN KLEIN - BADGE WAFFLE TEE,მაისური,"159,00 ₾"
CALVIN KLEIN - BADGE TURN UP SLEEVE,მაისური,"129,00 ₾"
CALVIN KLEIN - CK MULTIBOX TEE,მაისური,"139,00 ₾"
CALVIN KLEIN - CK MULTIBOX TEE,მაისური,"139,00 ₾"
CALVIN KLEIN - BADGE RELAXED TEE,მაისური,"139,00 ₾"
CALVIN KLEIN - CK MULTIBOX TEE,მაისური,"139,00 ₾"
CALVIN KLEIN - BADGE RELAXED TEE,მაისური,"139,00 ₾"
CALVIN KLEIN - BADGE RELAXED TEE,მაისური,"139,00 ₾"
CALVIN KLEIN - BADGE WAFFLE LS HENLEY,მაისური,"219,00 ₾"
CALVIN KLEIN - BADGE REGULAR TEE,მაისური,"139,00 ₾"
CALVIN KLEIN - BADGE TURN UP SLEEVE,მაისური,"129,00 ₾"
CALVIN KLEIN - EUPHORIC MONOLOGO TEE,მაისური,"159,00 ₾"
CALVIN KLEIN - STACKED EUPHORIC LOGO TEE,მაისური,"139,00 ₾"
CALVIN KLEIN - EMBOSSED EUPHORIC FLORAL TEE,მაისური,"189,00 ₾"
CALVIN KLEIN - MULTI GRAPHIC LS TEE,მაისური,"189,00 ₾"
CALVIN KLEIN - EUPHORIC MONOLOGO TEE,მაისური,"159,00 ₾"
CALVIN KLEIN - BOXER SLIM 3PK,თეთრეული,"189,00 ₾"
CALVIN KLEIN - TRUNK 3PK,თეთრეული,"139,00 ₾"
CALVIN KLEIN - HIP BRIEF 3PK,თეთრეული,"139,00 ₾"
Lacoste - UNISEX 2-PACK SOCKS,წინდა,"99,00 ₾"
Lacoste - Lacoste Men's Bermudas,შორტი,"499,00 ₾"
Lacoste - Lacoste Men's Shirt,პერანგი,"449,00 ₾"
Lacoste - MEN'S OVERSIZED DOUBLE FACE PIQUÉ SWEATSHIRT,ჯემპრი / ჟაკეტი,"579,00 ₾"
Lacoste - Lacoste Men's Trousers,შარვალი,"499,00 ₾"
Lacoste - Lacoste Unisex Socks,წინდა,"79,00 ₾"
Lacoste - Lacoste Unisex Socks,წინდა,"79,00 ₾"
Lacoste - Lacoste Men's Socks,წინდა,"39,00 ₾"
Lacoste - Lacoste Unisex Socks,წინდა,"39,00 ₾"
Lacoste - Lacoste skarpety unisex,წინდა,"49,00 ₾"
Lacoste - Lacoste Mens T-shirt,მაისური,"239,00 ₾"
Lacoste - Lacoste Men's 3-Piece Black Boxers,თეთრეული,"149,00 ₾"
Lacoste - Lacoste Unisex Socks,წინდა,"39,00 ₾"
Lacoste - Lacoste Unisex Socks,წინდა,"39,00 ₾"
Lacoste - UNISEX ORGANIC COTTON BUCKET HAT,ქუდი,"199,00 ₾"
Lacoste - Lacoste Socks,წინდა,"39,00 ₾"
Lacoste - Men's Short Sleeved Monogram Print Shirt,პერანგი,"449,00 ₾"
Lacoste - Lacoste Men's Shirt,პერანგი,"399,00 ₾"
Lacoste - Lacoste Men's Shirt,პერანგი,"399,00 ₾"
Lacoste - MEN'S SHORT SLEEVED MONOGRAM PRINT SHIRT,პერანგი,"449,00 ₾"
Lacoste - MEN'S LIGHTWEIGHT SWIM TRUNKS,საცურაო კოსტუმი,"259,00 ₾"
Lacoste - Lacoste Men's Shirt,პერანგი,"469,00 ₾"
Lacoste - Lacoste Unisex 2-Pack Socks,წინდა,"49,00 ₾"
Lacoste - Lacoste Men's Socks,წინდა,"39,00 ₾"
Lacoste - Lacoste Men's Socks,წინდა,"39,00 ₾"
Lacoste - Lacoste Unisex 3-Piece Socks,წინდა,"79,00 ₾"
Lacoste - Lacoste Unisex 3-Piece Socks,წინდა,"79,00 ₾"
Lacoste - Lacoste Men's Polo,პოლო მაისური,"449,00 ₾"
Lacoste - Lacoste Men's Polo,პოლო მაისური,"449,00 ₾"
Lacoste -Lacoste Men's Regular Fit Color Blocked Blue Polo,პოლო მაისური,"449,00 ₾"
Lacoste - Lacoste Men's Printed  Socks,წინდა,"49,00 ₾"
Lacoste - Lacoste Men's Printed  Socks,წინდა,"49,00 ₾"
Lacoste - Lacoste Socks,წინდა,"39,00 ₾"
Lacoste - Men's Branded Trunks 3-Pack,თეთრეული,"149,00 ₾"
Lacoste - Lacoste Unisex Socks,წინდა,"39,00 ₾"
Lacoste - Lacoste Men's Knitted Polo Regular Fit,პოლო მაისური,"499,00 ₾"
Lacoste - Lacoste Mens T-shirt,მაისური,"229,00 ₾"
Lacoste - Lacoste Men's Shirt,პერანგი,"399,00 ₾"
Lacoste - Lacoste Men's T-shirt,მაისური,"249,00 ₾"
Lacoste - Lacoste Men's Bermudas,შორტი,"499,00 ₾"
Lacoste - Lacoste Men's Polo,პოლო მაისური,"449,00 ₾"
Lacoste - Lacoste Men's Bermudas,შორტი,"479,00 ₾"
Lacoste - MEN'S STRAIGHT FIT COTTON TWILL PANTS,შარვალი,"449,00 ₾"
Lacoste - Lacoste Men's Slim Fit Printed  Sweatpants,სპორტული შარვალი,"499,00 ₾"
Lacoste - Lacoste Men's Patterned  Swimsuit Shorts,საცურაო კოსტუმი,"289,00 ₾"
Lacoste - Lacoste Unisex Sweatshirt,ჯემპრი / ჟაკეტი,"489,00 ₾"
Lacoste - MEN'S LIGHTWEIGHT SWIM TRUNKS,საცურაო კოსტუმი,"259,00 ₾"
Lacoste - MID LENGTH SLOGAN SWIM TRUNKS,საცურაო კოსტუმი,"279,00 ₾"
Lacoste - ORIGINAL L.12.12 STRIPED POLO SHIRT,პოლო მაისური,"389,00 ₾"
Lacoste - Lacoste Men's Trousers,შარვალი,"499,00 ₾"
Lacoste - Lacoste Men's Tapered Fit Chino Pants,შარვალი,"499,00 ₾"
Lacoste - MEN'S WASHED EFFECT T-SHIRT,მაისური,"259,00 ₾"
Lacoste - Lacoste Men's Shirt,პერანგი,"449,00 ₾"
Lacoste - Lacoste Men's Slim Fit White Shirt,პერანგი,"439,00 ₾"
Lacoste - CAVIAR TEXTURE CONTRAST NECK COTTON T-SHIRT,მაისური,"239,00 ₾"
Lacoste - Lacoste Men's Bermudas,შორტი,"479,00 ₾"
Lacoste - MEN'S 5 POCKET STRAIGHT CUT INDIGO JEANS,ჯინსი,"449,00 ₾"
Lacoste - MEN'S LIGHTWEIGHT SWIM TRUNKS,საცურაო კოსტუმი,"259,00 ₾"
Lacoste - MEN'S LIGHTWEIGHT SWIM TRUNKS,საცურაო კოსტუმი,"259,00 ₾"
Lacoste - Lacoste Men's Shirt,პერანგი,"399,00 ₾"
Lacoste - Unisex Lacoste Adjustable Organic Cotton Twill Cap,ქუდი,"199,00 ₾"
Lacoste - MEN'S WASHED EFFECT COTTON PIQUÉ POLO,პოლო მაისური,"399,00 ₾"
Lacoste - ORIGINAL L.12.12 STRIPED POLO SHIRT,პოლო მაისური,"389,00 ₾"
Lacoste - Lacoste Men's Regular Fit Linen Shirt,პერანგი,"479,00 ₾"
